0.0	3.87053	1466.2466	3.6974833	7.944775
0.1	3.6244128	1465.8513	3.6973324	7.941837
0.2	3.4914515	1465.456	3.6971817	7.9250317
0.3	3.417489	1465.0608	3.6970308	7.908227
0.4	3.4275236	1464.6655	3.6968799	7.891422
0.5	3.4715204	1464.2703	3.6967292	7.8746166
0.6	3.4731991	1463.875	3.6965783	7.857932
0.7	3.3651323	1463.4797	3.6964273	7.8413196
0.8	3.141076	1463.0845	3.6962767	7.8247075
0.9	2.8783894	1462.6892	3.6961257	7.808095
1.0	2.6602073	1462.294	3.6959748	7.791483
1.1	2.4552257	1461.8987	3.6958241	7.7748075
1.2	2.2040632	1461.5034	3.6956732	7.7580175
1.3	1.9626296	1461.1082	3.6955223	7.7412276
1.4	1.7890388	1460.7129	3.6953716	7.7244377
1.5	1.7155758	1460.3176	3.6952207	7.707648
1.6	1.7431455	1459.9224	3.6950698	7.6908813
1.7	1.8046318	1459.5271	3.694919	7.674358
1.8	1.8082976	1459.1318	3.6947682	7.6578345
1.9	1.7755275	1458.7366	3.6946173	7.641311
2.0	1.6591806	1458.3413	3.6945906	7.624788
2.1	1.4866645	1467.6187	3.6945906	7.608264
2.2	1.3402594	1486.3655	3.6945906	7.591668
2.3	1.2532516	1505.1123	3.6945906	7.5750556
2.4	1.1884508	1523.8591	3.6945906	7.5584435
2.5	1.0830729	1542.6061	3.6945906	7.541831
2.6	0.89607716	1561.3529	3.6945906	7.525219
2.7	0.6385726	1580.0997	3.6945906	7.5086555
2.8	0.37368026	1598.8466	3.6945906	7.492132
2.9	0.1748277	1617.5935	3.6945906	7.475609
3.0	0.09726319	1636.3403	3.6945894	7.4590855
3.1	0.07116467	1655.0872	3.6943617	7.442562
3.2	-0.073186435	1673.834	3.6941342	7.4260135
3.3	-0.29171267	1700.1427	3.6939065	7.4094014
3.4	-0.5270298	1732.6359	3.6936789	7.392789
3.5	-0.71379435	1765.129	3.6934514	7.376177
3.6	-0.7770087	1797.6222	3.6932237	7.359565
3.7	-0.69581544	1830.1155	3.6928332	7.3429523
3.8	-0.60230803	1862.6086	3.692321	7.32634
3.9	-0.6438542	1895.1018	3.691809	7.3097277
4.0	-0.7391443	1927.595	3.6912968	7.2931156
4.1	-0.83886755	1960.0881	3.6907847	7.276503
4.2	-0.9101812	1992.5813	3.6902726	7.259891
4.3	-0.9386941	2025.0745	3.6897607	7.2431464
4.4	-0.9282694	2057.5676	3.6892486	7.2263565
4.5	-0.8888425	2083.5967	3.6887364	7.2095666
4.6	-0.83460945	2077.5667	3.6882243	7.1927767
4.7	-0.8002014	2071.5364	3.6877122	7.175987
4.8	-0.81405735	2065.5063	3.6872	7.159112
4.9	-0.86258674	2059.4763	3.6866882	7.142144
5.0	-0.94980353	2053.4463	3.6865394	7.1251764
5.1	-1.0439765	2047.4161	3.6865394	7.108209
5.2	-1.0814	2041.3861	3.6865394	7.0912414
5.3	-1.0439751	2035.356	3.6865394	7.0742927
5.4	-0.94231963	2029.3259	3.6865394	7.0574136
5.5	-0.80029285	2023.2958	3.6865394	7.040535
5.6	-0.6740412	2017.2657	3.6865394	7.0236564
5.7	-0.61614126	2011.2356	3.6865394	7.0067773
5.8	-0.6881616	2005.2056	3.6865394	6.9898987
5.9	-0.8041599	1999.1755	3.6865394	6.972602
6.0	-0.92815053	1993.1454	3.6865394	6.9552794
6.1	-0.9852452	1987.1154	3.6865394	6.9379563
6.2	-0.9728434	1981.0852	3.6865394	6.9206333
6.3	-0.9268441	1975.0552	3.6865394	6.9033103
6.4	-0.88357186	1976.9073	3.6865394	6.885868
6.5	-0.8717785	1980.6326	3.6865394	6.868367
6.6	-0.9025626	1984.3578	3.6865394	6.850867
6.7	-1.0050535	1988.083	3.6865394	6.833366
6.8	-1.1483651	1991.8082	3.6865394	6.8158655
6.9	-1.2973975	1995.5336	3.6863036	6.7981853
7.0	-1.4281194	1999.2588	3.6857347	6.7802405
7.1	-1.5189298	2002.984	3.6851656	6.7622957
7.2	-1.5622163	2006.7092	3.6845968	6.744351
7.3	-1.5538669	2010.4344	3.6840277	6.7264066
7.4	-1.4829112	2014.1597	3.6834588	6.7084618
7.5	-1.3459411	2017.8849	3.6828897	6.690517
7.6	-1.1631181	2021.6101	3.682712	6.672572
7.7	-1.0202041	2025.3353	3.6825414	6.6546273
7.8	-0.9650481	2029.0605	3.6823707	6.6366825
7.9	-0.99607486	2032.7858	3.6822	6.6187377
8.0	-1.0376292	2036.511	3.6820292	6.600331
8.1	-1.046832	2040.2362	3.6818588	6.581853
8.2	-1.0190293	2043.9614	3.6815	6.563375
8.3	-0.9670631	2047.6866	3.6809878	6.544897
8.4	-0.9211746	2051.4119	3.6804757	6.5264196
8.5	-0.90455997	2055.1372	3.6799636	6.5076756
8.6	-0.8934684	2058.8623	3.6794517	6.488754
8.7	-0.88238794	2062.5876	3.6789396	6.469832
8.8	-0.95122755	2066.3127	3.6784883	6.4509096
8.9	-1.0489475	2070.038	3.6784883	6.431988
9.0	-1.1386024	2073.7632	3.6784883	6.4129486
9.1	-1.201255	2077.4885	3.6784883	6.393671
9.2	-1.2295464	2081.2136	3.6784883	6.374394
9.3	-1.2470831	2084.939	3.6784883	6.3551164
9.4	-1.315479	2088.6643	3.6784883	6.3358393
9.5	-1.4318168	2085.2673	3.6784883	6.316523
9.6	-1.50237	2077.847	3.6784883	6.296624
9.7	-1.5799091	2070.4265	3.6784883	6.276725
9.8	-1.6771463	2063.006	3.6784883	6.256826
9.9	-1.7793156	2055.5857	3.6784883	6.2369266
10.0	-1.8632643	2048.1653	3.6784883	6.2170277
10.1	-1.9075998	2040.7449	3.6784883	6.1968465
10.2	-1.9109167	2033.3245	3.6784883	6.176592
10.3	-1.9239929	2025.904	3.6784883	6.1563373
10.4	-2.0264745	2018.4836	3.6784883	6.1360826
10.5	-2.166099	2011.0632	3.6784883	6.1158285
10.6	-2.25634	2003.6428	3.6784883	6.0949206
10.7	-2.263149	1996.2224	3.6784883	6.0734224
10.8	-2.1764736	1988.802	3.6784883	6.051924
10.9	-2.042319	1981.3816	3.6784883	6.030426
11.0	-1.9285368	1973.9612	3.6784883	6.008928
11.1	-1.8763478	1966.5408	3.6784883	5.9874296
11.2	-1.8846239	1959.1204	3.6784883	5.9659314
11.3	-1.9344854	1951.7	3.6784883	5.944433
11.4	-1.989864	1944.2795	3.6784215	5.922935
11.5	-2.0136983	1936.8591	3.6782508	5.901437
11.6	-1.9953691	1929.4387	3.67808	5.8799386
11.7	-1.9684227	1922.0183	3.6779094	5.8575296
11.8	-1.993537	1914.5979	3.6777387	5.83511
11.9	-2.0710456	1907.1775	3.677568	5.8126907
12.0	-2.1538615	1899.7571	3.6773973	5.790271
12.1	-2.2187173	1892.3367	3.6769536	5.7678514
12.2	-2.2256317	1884.9163	3.6764984	5.744356
12.3	-2.1203732	1877.4958	3.676043	5.7208157
12.4	-2.045551	1870.0754	3.675588	5.697275
12.5	-1.9999748	1862.655	3.6751328	5.6737347
12.6	-1.9574535	1855.2346	3.6746776	5.650054
12.7	-1.9146732	1847.2909	3.6743727	5.6256895
12.8	-1.9261786	1839.0208	3.674202	5.6013246
12.9	-2.0501647	1830.7506	3.6740313	5.57696
13.0	-2.277637	1822.4805	3.6738605	5.5525956
13.1	-2.5389028	1814.2103	3.6736898	5.5277042
13.2	-2.7771225	1805.9402	3.6735191	5.5024905
13.3	-2.8936844	1797.67	3.673321	5.4772763
13.4	-2.8842561	1789.3999	3.6728659	5.4520626
13.5	-2.8648686	1781.1298	3.6724107	5.426438
13.6	-2.9498236	1772.8597	3.6719556	5.3998966
13.7	-3.2544231	1764.5896	3.6715002	5.373356
13.8	-3.6175096	1756.3195	3.671045	5.3468146
13.9	-4.096018	1748.0493	3.67059	5.320274
14.0	-4.325483	1739.7792	3.6704373	5.2928224
14.1	-4.422438	1731.509	3.6704373	5.26537
14.2	-4.4698315	1723.2389	3.6704373	5.2379174
14.3	-4.6161666	1714.9688	3.6704373	5.210465
14.4	-4.780997	1706.6986	3.6704373	5.180745
14.5	-4.920868	1698.4285	3.6704373	5.1508493
14.6	-5.0554748	1690.1584	3.6704373	5.120953
14.7	-5.1907983	1681.8883	3.6704373	5.0909266
14.8	-5.299053	1673.6182	3.6704373	5.0596776
14.9	-5.3519773	1668.8976	3.6704373	5.0284286
15.0	-5.295497	1669.2139	3.6704373	4.9971795
15.1	-5.126521	1669.53	3.6704373	4.9648733
15.2	-4.972722	1669.8462	3.6704373	4.9315295
15.3	-4.927996	1670.1625	3.6704373	4.8981853
15.4	-4.9430604	1670.4786	3.6704373	4.8644414
15.5	-4.9505663	1670.7949	3.6704373	4.828465
15.6	-4.9167185	1671.1111	3.6704373	4.7924886
15.7	-4.868584	1671.4272	3.6704373	4.7565117
15.8	-4.8925567	1671.7435	3.6704373	4.719205
15.9	-5.07918	1672.0597	3.6704373	4.6815634
16.0	-5.314632	1672.376	3.6704373	4.643922
16.1	-5.5369005	1672.6921	3.6704373	4.6054745
16.2	-5.712408	1673.0083	3.6704373	4.566658
16.3	-5.8332534	1673.3246	3.6704373	4.527842
16.4	-5.902955	1673.6407	3.6704373	4.4870853
16.5	-5.917378	1673.957	3.6704373	4.4458804
16.6	-5.8484697	1674.2732	3.6701171	4.4046755
16.7	-5.6644936	1674.5894	3.6697757	4.361789
16.8	-5.3771195	1674.9056	3.6694345	4.318793
16.9	-5.0290914	1675.2218	3.6690931	4.2757964
17.0	-4.7174983	1675.5381	3.6687517	4.2328
17.1	-4.481989	1675.8542	3.6684103	4.1898036
17.2	-4.4302835	1676.1704	3.6680977	4.1462836
17.3	-4.4987373	1676.4867	3.667813	4.100551
17.4	-4.6280518	1676.8029	3.6675286	4.0548186
17.5	-4.755513	1677.1191	3.6672442	4.0089335
17.6	-4.8096757	1677.4353	3.6669598	3.9629276
17.7	-4.7613053	1677.7515	3.6666753	3.916712
17.8	-4.6601615	1678.0677	3.6663654	3.869416
17.9	-4.6019883	1678.3839	3.6657395	3.82212
18.0	-4.5740795	1678.7002	3.6651137	3.7738338
18.1	-4.483481	1679.0164	3.6644878	3.7252479
18.2	-4.319761	1679.3325	3.663862	3.676662
18.3	-4.1575837	1679.4083	3.6632361	3.6280758
18.4	-4.106002	1678.7837	3.66261	3.57949
18.5	-4.2117486	1678.159	3.6623862	3.5304835
18.6	-4.4017396	1677.5344	3.6623862	3.4814675
18.7	-4.53476	1676.9099	3.6623862	3.432201
18.8	-4.446125	1676.2853	3.6623862	3.382755
18.9	-4.281214	1675.6606	3.6623862	3.3335526
19.0	-4.1535883	1675.036	3.6623862	3.2853966
19.1	-4.0050135	1674.4114	3.6623862	3.2372406
19.2	-3.8378258	1673.7867	3.6623862	3.1901088
19.3	-3.7128525	1673.1621	3.6623862	3.1432426
19.4	-3.695919	1672.5376	3.6623862	3.098702
19.5	-3.7830532	1671.913	3.6623862	3.0576599
19.6	-3.869945	1671.2883	3.6623862	3.016618
19.7	-3.9198065	1670.6637	3.6623862	2.9784186
19.8	-3.972404	1670.0391	3.6623862	2.941092
19.9	-4.075551	1669.4144	3.6623862	2.9037654
20.0	-4.438323	1668.7899	3.6623862	2.867891
20.1	-4.827262	1668.1653	3.6623862	2.8327918
20.2	-4.9768467	1667.5406	3.6623862	2.7976928
20.3	-4.7531047	1666.916	3.6623862	2.7631845
20.4	-4.489397	1666.2914	3.6621692	2.7300599
20.5	-4.305404	1665.6667	3.6615434	2.696935
20.6	-4.2432184	1665.0422	3.6609173	2.6638103
20.7	-4.2953887	1664.4176	3.6602914	2.6325338
20.8	-4.381397	1663.793	3.6596656	2.6013613
20.9	-4.4003916	1663.1683	3.6590397	2.570189
21.0	-4.31511	1662.5437	3.658414	2.5395288
21.1	-4.2347784	1661.9191	3.65784	2.509801
21.2	-4.2200804	1661.2944	3.6572711	2.4800727
21.3	-4.259075	1660.6699	3.656702	2.4503448
21.4	-4.3992825	1660.0453	3.6561332	2.4215314
21.5	-4.610965	1659.4207	3.655564	2.3935523
21.6	-4.816927	1658.796	3.6549952	2.365573
21.7	-4.9203067	1658.1714	3.6546736	2.3375936
21.8	-4.857735	1658.7869	3.6546168	2.3112652
21.9	-4.65538	1660.011	3.6545599	2.2869382
22.0	-4.421603	1661.235	3.6545029	2.2626114
22.1	-4.2498593	1662.459	3.6544461	2.2382846
22.2	-4.1032205	1663.6831	3.6543891	2.2139575
22.3	-3.967889	1664.9071	3.6543353	2.1917205
22.4	-3.9345512	1666.1311	3.6543353	2.1697104
22.5	-4.052489	1667.3552	3.6543353	2.1477003
22.6	-4.246446	1668.5792	3.6543353	2.1256902
22.7	-4.3530555	1669.8032	3.6543353	2.1036801
22.8	-4.229099	1671.0273	3.6543353	2.084211
22.9	-3.8653862	1672.2513	3.6543353	2.0651116
23.0	-3.6792421	1673.4753	3.6539474	2.046012
23.1	-3.68983	1674.6995	3.6533215	2.0269122
23.2	-4.0300026	1675.9235	3.6526957	2.0078127
23.3	-4.3612905	1677.1475	3.6520696	1.9895188
23.4	-4.5742354	1678.3716	3.6514437	1.9717517
23.5	-4.6656466	1679.5956	3.6508179	1.9539845
23.6	-4.8021665	1680.8196	3.650192	1.9362174
23.7	-5.0021234	1682.0437	3.6495662	1.9184504
23.8	-5.177683	1683.2677	3.6489403	1.9012209
23.9	-5.2347674	1684.4918	3.6483145	1.8850529
24.0	-5.1616383	1685.7158	3.6476884	1.8688848
24.1	-5.000375	1686.9398	3.6470625	1.8527167
24.2	-4.7835097	1688.164	3.6464367	1.8365487
24.3	-4.5561523	1689.388	3.646284	1.820459
24.4	-4.406576	1690.6119	3.646284	1.8054458
24.5	-4.3929663	1691.836	3.646284	1.7904326
24.6	-4.419382	1693.06	3.646284	1.7754194
24.7	-4.4136286	1694.284	3.646284	1.7604061
24.8	-4.3623652	1695.5082	3.646284	1.7453929
24.9	-4.3121767	1696.7322	3.6460257	1.731161
25.0	-4.310078	1697.9562	3.645229	1.7171249
25.1	-4.3590503	1699.1803	3.6444325	1.703089
25.2	-4.4224043	1700.4043	3.643636	1.6890529
25.3	-4.3863983	1701.6283	3.6428394	1.675017
25.4	-4.2686887	1702.8524	3.6420429	1.6615471
25.5	-4.130451	1704.0764	3.6412463	1.6485771
25.6	-3.995353	1705.3004	3.6407545	1.6356071
25.7	-3.9124224	1706.5245	3.6402993	1.6226372
25.8	-3.914098	1705.4685	3.639844	1.6096671
25.9	-3.9726784	1704.3231	3.6393888	1.5970938
26.0	-4.016762	1703.1779	3.6389337	1.585634
26.1	-3.9906938	1702.0325	3.6384785	1.5741743
26.2	-3.8728814	1700.8872	3.6380758	1.5627145
26.3	-3.6900585	1699.7418	3.6377344	1.5512546
26.4	-3.572213	1698.5966	3.637393	1.5397949
26.5	-3.5350604	1697.4512	3.6370516	1.5291301
26.6	-3.5221066	1696.3059	3.6367102	1.5184698
26.7	-3.4840121	1695.1605	3.6363688	1.5078095
26.8	-3.4312484	1694.0153	3.636011	1.4971492
26.9	-3.4264581	1692.8699	3.6351006	1.486489
27.0	-3.5344405	1691.7245	3.63419	1.4766026
27.1	-3.7649062	1690.5792	3.6332798	1.4670084
27.2	-3.961585	1689.4338	3.6323693	1.457414
27.3	-3.9991984	1688.2886	3.631459	1.4478198
27.4	-3.8926895	1687.1432	3.6305487	1.4382256
27.5	-3.7258945	1685.9979	3.629944	1.4289565
27.6	-3.6021674	1684.8525	3.629546	1.4200729
27.7	-3.6045878	1683.7073	3.6291475	1.4111893
27.8	-3.7570992	1682.5619	3.6287494	1.4023058
27.9	-4.0009065	1681.4166	3.628351	1.3934222
28.0	-4.2094107	1680.2712	3.6279526	1.3847066
28.1	-4.275887	1679.126	3.627479	1.3767115
28.2	-4.1576967	1677.9806	3.6266255	1.3687162
28.3	-4.033434	1676.8352	3.6257722	1.3607211
28.4	-3.9784958	1675.69	3.6249187	1.3527259
28.5	-3.9892526	1674.5446	3.6240652	1.3447307
28.6	-4.00726	1673.3993	3.6232116	1.3372263
28.7	-3.9830537	1672.2539	3.6223583	1.329764
28.8	-3.9128647	1671.1086	3.6215048	1.3223019
28.9	-3.8315823	1669.9633	3.6206512	1.3148396
29.0	-3.7979445	1668.818	3.6197977	1.3073775
29.1	-3.8838208	1667.6726	3.6189444	1.3003209
29.2	-4.069345	1666.5273	3.6180909	1.2934805
29.3	-4.27897	1665.382	3.6172373	1.2866403
29.4	-4.444787	1664.2366	3.6164012	1.2797999
29.5	-4.518857	1663.0913	3.6156044	1.2729596
29.6	-4.530833	1661.9459	3.6148078	1.2663238
29.7	-4.539686	1660.8007	3.6140113	1.2600166
29.8	-4.5384717	1659.6553	3.6132147	1.2537092
29.9	-4.448543	1658.51	3.6124182	1.2474018
30.0	-4.2491055	1657.3646	3.6116216	1.2410946
30.1	-4.0808706	1656.2194	3.610627	1.2348282
30.2	-4.003088	1655.074	3.609603	1.2288762
30.3	-4.0184197	1653.9287	3.6085787	1.2229242
30.4	-4.09434	1652.7833	3.6075544	1.2169724
30.5	-4.1786046	1651.638	3.6065304	1.2110204
30.6	-4.2253857	1650.4927	3.6055062	1.2050683
30.7	-4.2347927	1649.3473	3.604432	1.1995679
30.8	-4.269927	1648.202	3.6032941	1.1941489
30.9	-4.3225565	1647.0566	3.6021562	1.1887299
31.0	-4.386027	1645.9114	3.6010182	1.183311
31.1	-4.4877434	1644.766	3.5998802	1.177892
31.2	-4.618248	1645.3239	3.5987422	1.1726787
31.3	-4.7276773	1646.4905	3.5976048	1.167615
31.4	-4.798424	1647.6571	3.59654	1.1625514
31.5	-4.811721	1648.8237	3.595475	1.1574878
31.6	-4.756796	1649.9904	3.59441	1.1524241
31.7	-4.6944017	1651.1569	3.5933452	1.1475259
31.8	-4.729696	1652.3235	3.5922801	1.1429952
31.9	-4.884816	1653.4901	3.5915546	1.1384647
32.0	-5.0026784	1654.6567	3.5913172	1.133934
32.1	-4.95706	1655.8234	3.5910797	1.1294035
32.2	-4.783816	1656.9899	3.5908422	1.1248803
32.3	-4.5603228	1658.1565	3.590605	1.1205274
32.4	-4.359239	1659.3231	3.5903676	1.1161743
32.5	-4.2149897	1660.4897	3.59013	1.1118214
32.6	-4.1175284	1661.6564	3.5895646	1.1074685
32.7	-4.0604653	1662.823	3.5870328	1.1031156
32.8	-4.0687766	1663.9895	3.5845008	1.0990375
32.9	-4.152263	1665.1561	3.5819688	1.0950398
33.0	-4.2250896	1666.3228	3.5794368	1.0910423
33.1	-4.2095547	1667.4894	3.5769048	1.0870447
33.2	-4.075619	1668.656	3.5743728	1.083047
33.3	-3.8728902	1669.8225	3.5717804	1.079184
33.4	-3.7218313	1670.9891	3.5691636	1.075453
33.5	-3.7513883	1672.1558	3.5665464	1.0717219
33.6	-4.023145	1673.3224	3.5639296	1.0679908
33.7	-4.562878	1674.489	3.5613127	1.0642598
33.8	-5.174281	1675.6556	3.5586958	1.0606338
33.9	-5.861801	1676.8221	3.5563323	1.0573468
34.0	-6.9467273	1677.9888	3.5540376	1.0540599
34.1	-7.1869183	1679.1554	3.5517426	1.050773
34.2	-7.3068137	1680.322	3.5494478	1.0474861
34.3	-7.385147	1681.4886	3.5471528	1.0441992
34.4	-7.4335365	1682.6552	3.5436168	1.0412563
34.5	-7.442832	1683.8218	3.5395997	1.0383247
34.6	-7.417622	1684.9884	3.5355825	1.0353932
34.7	-7.385507	1686.155	3.5315654	1.0324616
34.8	-7.3659477	1687.3217	3.5275483	1.02953
34.9	-7.3116612	1688.4883	3.5241814	1.0267228
35.0	-7.198101	1689.6548	3.5208678	1.0239689
35.1	-7.079503	1690.8214	3.5175543	1.021215
35.2	-6.986551	1691.988	3.5142407	1.0184611
35.3	-6.9985695	1693.1547	3.5109272	1.0157073
35.4	-7.1131096	1694.3213	3.5076137	1.0130299
35.5	-7.455204	1695.4878	3.5021894	1.0104537
35.6	-7.7863655	1693.813	3.4961858	1.0078775
35.7	-7.9869437	1691.2333	3.4901824	1.0053012
35.8	-8.069174	1688.6537	3.4841788	1.002725
35.9	-8.043556	1686.0741	3.4781754	1.0002213
36.0	-7.945044	1683.4945	3.471786	0.9980892
36.1	-7.8235188	1680.9148	3.464105	0.99595714
36.2	-7.7348228	1678.3352	3.4564235	0.9938251
36.3	-7.746136	1675.7556	3.4487422	0.991693
36.4	-7.8707857	1673.176	3.441061	0.98956096
36.5	-8.0907755	1670.5963	3.4333797	0.98758787
36.6	-8.338641	1668.0167	3.4256985	0.9856335
36.7	-8.773647	1665.4371	3.4162068	0.9836791
36.8	-9.096393	1662.8575	3.4062576	0.98172474
36.9	-9.215276	1660.278	3.3963082	0.97977036
37.0	-9.148215	1657.6982	3.386359	0.97809416
37.1	-8.961114	1655.1187	3.3764095	0.97658396
37.2	-8.732414	1652.5391	3.36646	0.97507375
37.3	-8.513206	1649.9595	3.3565109	0.97356355
37.4	-8.315383	1647.3798	3.3462045	0.97205335
37.5	-8.134687	1644.8002	3.3355834	0.97054315
37.6	-7.94632	1642.2206	3.3249621	0.96903294
37.7	-7.755302	1639.641	3.3143408	0.96752274
37.8	-7.5989966	1637.0613	3.3037195	0.96601254
37.9	-7.5408587	1634.4817	3.2930982	0.96450233
38.0	-7.6047645	1631.9021	3.27524	0.963008
38.1	-7.7636714	1629.3225	3.2568753	0.96167547
38.2	-7.967071	1626.7428	3.2385106	0.96034294
38.3	-8.159199	1624.1632	3.2201462	0.9590104
38.4	-8.274967	1621.5836	3.2017815	0.95767784
38.5	-8.261111	1619.004	3.1827204	0.9563453
38.6	-8.167173	1616.4243	3.1625226	0.9555963
38.7	-8.107002	1613.8447	3.1423247	0.9549745
38.8	-8.114489	1610.1536	3.1221268	0.9543526
38.9	-8.175697	1603.972	3.101929	0.95373076
39.0	-8.258894	1597.7904	3.0814908	0.9531089
39.1	-8.3458605	1591.6089	3.0608368	0.95283073
39.2	-8.430666	1585.4274	3.0401826	0.95283073
39.3	-8.506761	1579.2457	3.0195286	0.95283073
39.4	-8.59186	1573.0642	2.9988744	0.95283073
39.5	-8.730356	1566.8826	2.9782298	0.95283073
39.6	-8.891693	1560.701	2.9575858	0.95278025
39.7	-9.035287	1554.5195	2.9369419	0.95260257
39.8	-9.201872	1548.3379	2.916298	0.9524249
39.9	-9.402042	1542.1564	2.895654	0.95224726
40.0	-9.754201	1535.9747	2.8736434	0.9520696
40.1	-10.168205	1529.7932	2.8516123	0.9518894
40.2	-10.369038	1523.6117	2.8295815	0.95155615
40.3	-10.303585	1517.43	2.8075504	0.9512229
40.4	-10.016919	1511.2485	2.7839139	0.95088965
40.5	-9.591212	1505.0669	2.759778	0.9505564
40.6	-9.237395	1498.8854	2.7356422	0.95022315
40.7	-9.028721	1492.7039	2.7115064	0.9500631
40.8	-8.962721	1486.5222	2.682501	0.95067525
40.9	-9.03642	1480.3407	2.6527593	0.95128745
41.0	-9.125064	1474.159	2.6230175	0.95189965
41.1	-9.191965	1467.9775	2.5846298	0.95251185
41.2	-9.313302	1461.796	2.5457397	0.95283073
41.3	-9.488651	1455.6144	2.5058422	0.95283073
41.4	-9.671183	1449.4329	2.4633722	0.95283073
41.5	-9.8359785	1443.2512	2.4209023	0.95283073
41.6	-9.954584	1437.0697	2.3732743	0.95283073
41.7	-9.985087	1430.8882	2.3232493	0.95283073
41.8	-9.907368	1424.7065	2.2835653	0.95283073
41.9	-9.743993	1418.525	2.2490041	0.95283073
42.0	-9.583338	1412.3434	2.214443	0.95283073
42.1	-9.492497	1406.1619	2.181677	0.95283073
42.2	-9.513128	1399.9803	2.151387	0.95283073
42.3	-9.64709	1393.7987	2.1210966	0.95283073
42.4	-9.861762	1387.6172	2.09072	0.95283073
42.5	-10.102481	1381.4355	2.059247	0.95283073
42.6	-10.326031	1375.254	2.027774	0.95283073
42.7	-10.526745	1369.0725	1.9949807	0.95283073
42.8	-10.716857	1362.8909	1.9522718	0.95283073
42.9	-10.847051	1356.7094	1.909563	0.95283073
43.0	-10.90178	1350.5277	1.8700407	0.95283073
43.1	-10.883558	1344.3462	1.8322364	0.95283073
43.2	-10.815456	1338.1647	1.7944952	0.95283073
43.3	-10.709898	1331.983	1.7568015	0.95283073
43.4	-10.599462	1325.8015	1.7191079	0.95283073
43.5	-10.525037	1319.62	1.6774824	0.95283073
43.6	-10.494566	1313.4384	1.635744	0.95283073
43.7	-10.460272	1307.2568	1.593188	0.95283073
43.8	-10.391019	1301.0752	1.5501587	0.9527212
43.9	-10.305509	1294.8937	1.5074462	0.95192164
44.0	-10.195861	1288.7122	1.4654926	0.9511221
44.1	-10.074111	1282.5305	1.423539	0.9503226
44.2	-9.956311	1276.349	1.3850805	0.9495231
44.3	-9.859297	1270.1674	1.3467844	0.94872355
44.4	-9.791529	1263.9858	1.3109696	0.9476154
44.5	-9.750152	1260.5682	1.2766967	0.9464605
44.6	-9.731332	1259.69	1.2424152	0.94530565
44.7	-9.751605	1258.8115	1.2076625	0.9441508
44.8	-9.820843	1257.9332	1.1729097	0.9429959
44.9	-9.897554	1257.0548	1.1404597	0.94253427
45.0	-9.9406595	1256.1765	1.1133512	0.94253427
45.1	-9.970259	1255.2981	1.0862427	0.94253427
45.2	-10.005401	1254.4198	1.0591342	0.94253427
45.3	-10.05966	1253.5414	1.0317602	0.94253427
45.4	-10.1316805	1252.663	1.0043565	0.94253427
45.5	-10.208601	1251.7847	0.9769527	0.94253427
45.6	-10.307852	1250.9062	0.9548755	0.94253427
45.7	-10.399263	1250.028	0.93693674	0.94253427
45.8	-10.420613	1249.1495	0.91899794	0.94253427
45.9	-10.369375	1248.2712	0.90105915	0.94253427
46.0	-10.312544	1247.3928	0.883254	0.94253427
46.1	-10.299826	1246.5145	0.86723703	0.94253427
46.2	-10.353091	1245.6361	0.8512201	0.94253427
46.3	-10.4751835	1244.7577	0.8352031	0.94253427
46.4	-10.661883	1243.8794	0.81918615	0.94253427
46.5	-10.897293	1243.001	0.8031692	0.94253427
46.6	-11.080115	1242.1227	0.78860253	0.94253427
46.7	-11.233206	1241.2443	0.776231	0.94253427
46.8	-11.425857	1240.366	0.7638594	0.94253427
46.9	-11.661975	1239.4875	0.7514878	0.94253427
47.0	-11.899339	1238.6093	0.73911625	0.94253427
47.1	-12.112784	1237.7308	0.72674465	0.94253427
47.2	-12.280351	1236.8524	0.71381676	0.94253427
47.3	-12.367647	1235.9741	0.7004351	0.94253427
47.4	-12.355001	1235.0957	0.68705344	0.94253427
47.5	-12.297824	1234.2174	0.6736718	0.94253427
47.6	-12.306135	1233.339	0.6602901	0.94253427
47.7	-12.453249	1232.4607	0.64690846	0.94253427
47.8	-12.612386	1231.5823	0.6343831	0.94253427
47.9	-12.715882	1230.704	0.6229086	0.94253427
48.0	-12.759581	1229.8256	0.6114341	0.94253427
48.1	-12.740615	1228.9471	0.5999596	0.94253427
48.2	-12.66403	1228.0688	0.5884851	0.94253427
48.3	-12.58046	1227.1904	0.5785854	0.94253427
48.4	-12.553666	1226.3121	0.57123184	0.94253427
48.5	-12.639543	1225.4337	0.5638783	0.94253427
48.6	-12.777151	1224.5554	0.55652475	0.94253427
48.7	-12.886849	1223.677	0.5491712	0.94253427
48.8	-13.012402	1222.7987	0.5425303	0.94253427
48.9	-13.19898	1221.9203	0.53668875	0.94253427
49.0	-13.429633	1221.0419	0.5308472	0.94253427
49.1	-13.660464	1220.1636	0.52500564	0.9422123
49.2	-13.860574	1219.2852	0.5191641	0.9415016
49.3	-13.993069	1218.4069	0.5131134	0.94079095
49.4	-14.040163	1217.5284	0.5068546	0.9400802
49.5	-13.965952	1216.6501	0.50059575	0.93936956
49.6	-13.869486	1215.7717	0.49433696	0.9385605
49.7	-13.812398	1214.8933	0.48807815	0.9373168
49.8	-13.787825	1214.015	0.48181933	0.93607306
49.9	-13.761692	1213.1366	0.47561985	0.93482935
50.0	-13.728073	1212.2583	0.47021452	0.93358564
50.1	-13.701049	1211.3799	0.46480918	0.932342
50.2	-13.666703	1210.5016	0.45940384	0.9322378
50.3	-13.625491	1209.6232	0.4539985	0.9322378
50.4	-13.611644	1208.7449	0.44859317	0.9322378
50.5	-13.694167	1207.8665	0.44318783	0.9322378
50.6	-13.81187	1206.988	0.4381325	0.9322378
50.7	-13.913047	1206.1097	0.433276	0.9322378
50.8	-13.95897	1205.2313	0.42841947	0.9322378
50.9	-13.937632	1204.353	0.42356294	0.9322378
51.0	-13.859381	1203.4746	0.41870642	0.9322378
51.1	-13.75388	1202.5963	0.41384992	0.9322378
51.2	-13.6968	1201.7179	0.4090177	0.9322378
51.3	-13.813138	1200.8396	0.40478677	0.9322378
51.4	-13.993955	1199.9612	0.40055582	0.9322378
51.5	-14.136855	1199.0828	0.39632484	0.9322378
51.6	-14.181771	1198.2045	0.3920939	0.9322378
51.7	-14.084521	1197.326	0.38786295	0.9322378
51.8	-13.828166	1196.4478	0.38363197	0.9322378
51.9	-13.492964	1195.5693	0.37959307	0.9322378
52.0	-13.248591	1194.691	0.3756102	0.9322378
52.1	-13.112273	1193.8126	0.37162733	0.9322378
52.2	-13.164902	1191.8125	0.36764446	0.9322378
52.3	-13.311617	1189.2501	0.36366156	0.9322378
52.4	-13.494171	1186.6877	0.3596787	0.9322378
52.5	-13.664328	1184.1254	0.35585165	0.9322378
52.6	-13.7770605	1181.563	0.35232398	0.9322378
52.7	-13.820746	1179.0006	0.34879628	0.9322378
52.8	-13.826287	1176.4381	0.34526858	0.9322378
52.9	-13.840124	1173.8757	0.3417409	0.9322378
53.0	-13.866341	1171.3134	0.3382132	0.9322378
53.1	-13.807641	1168.751	0.3346855	0.9322378
53.2	-13.694071	1166.1886	0.33126143	0.9322378
53.3	-13.597747	1163.6262	0.32784754	0.9322378
53.4	-13.51635	1161.0637	0.32443365	0.9322378
53.5	-13.422603	1158.5013	0.32101974	0.9322378
53.6	-13.342096	1155.939	0.31760585	0.9322378
53.7	-13.295885	1153.3766	0.31419197	0.9322378
53.8	-13.264555	1150.8142	0.31094152	0.9322378
53.9	-13.21419	1148.2518	0.30786902	0.9322378
54.0	-13.150276	1145.6895	0.30479652	0.9322378
54.1	-13.13642	1143.127	0.30172402	0.9322378
54.2	-13.122573	1140.5646	0.2986515	0.9322378
54.3	-13.052742	1138.0022	0.295579	0.9322378
54.4	-12.952479	1135.4398	0.2925065	0.9322378
54.5	-12.831859	1132.8774	0.289434	0.9322378
54.6	-12.659469	1130.3151	0.2863615	0.9322378
54.7	-12.4378195	1127.7526	0.28328896	0.9322378
54.8	-12.251697	1125.1902	0.28021646	0.9322378
54.9	-12.1920805	1122.6278	0.27714396	0.9322378
55.0	-12.261333	1120.0654	0.27407146	0.9322378
55.1	-12.453888	1117.503	0.27120897	0.9322378
55.2	-12.638821	1114.9407	0.26847786	0.9322378
55.3	-12.730957	1112.3783	0.26574674	0.9322378
55.4	-12.751049	1109.8158	0.26301563	0.9321553
55.5	-12.907952	1107.2534	0.2602845	0.93179995
55.6	-13.284458	1104.691	0.2575534	0.9314446
55.7	-13.653351	1102.1287	0.25484315	0.9310893
55.8	-13.746254	1099.5663	0.25222585	0.9307339
55.9	-13.481517	1097.0039	0.24960852	0.93037856
56.0	-12.983141	1094.4414	0.2469912	0.9307082
56.1	-12.239395	1091.879	0.24437387	0.9310636
56.2	-11.609163	1089.3167	0.24175656	0.9314189
56.3	-11.428637	1086.7543	0.23913924	0.93177426
56.4	-11.4839735	1084.1919	0.23656468	0.9321296
56.5	-11.61509	1081.6295	0.23400426	0.9322378
56.6	-11.702668	1079.0671	0.23144384	0.9322378
56.7	-11.685428	1076.5046	0.22888342	0.9322378
56.8	-11.583127	1073.9423	0.226323	0.9322378
56.9	-11.475753	1071.3799	0.22376257	0.9322378
57.0	-11.39542	1068.8175	0.22120215	0.9322378
57.1	-11.337088	1065.2745	0.21864173	0.9322378
57.2	-11.317574	1055.5656	0.2160813	0.9322378
57.3	-11.3620615	1045.8566	0.21352088	0.9322378
57.4	-11.415268	1036.1476	0.21096046	0.9322378
57.5	-11.4113035	1026.4386	0.20840004	0.93243515
57.6	-11.345645	1016.72955	0.20583962	0.9336788
57.7	-11.265796	1007.02057	0.2034308	0.9349225
57.8	-11.190333	997.3116	0.20104107	0.9361662
57.9	-11.045832	987.60254	0.19865134	0.93740994
58.0	-10.802076	977.89355	0.19626161	0.93865365
58.1	-10.533065	968.1846	0.19387189	0.9394228
58.2	-10.296674	958.4755	0.19148216	0.9401335
58.3	-10.119731	948.76654	0.18906647	0.9408442
58.4	-10.028441	939.05756	0.18661985	0.94155484
58.5	-10.028676	929.3485	0.18417323	0.94226557
58.6	-10.075463	919.6395	0.18172659	0.94253427
58.7	-10.079381	909.93054	0.17927997	0.94253427
58.8	-9.980859	900.2215	0.17683335	0.94253427
58.9	-9.861753	890.5125	0.17438811	0.94253427
59.0	-9.763712	880.8035	0.17199838	0.94253427
59.1	-9.696665	871.0945	0.16960867	0.9425657
59.2	-9.663271	861.3855	0.16721894	0.94265455
59.3	-9.662362	851.6765	0.16482921	0.94274336
59.4	-9.69314	841.96747	0.16243948	0.9428322
59.5	-9.737186	832.2585	0.16004975	0.94292104
59.6	-9.776162	822.5495	0.1576263	0.9430023
59.7	-9.833415	812.84045	0.15517968	0.9430023
59.8	-9.883276	803.1315	0.15273304	0.9430023
59.9	-9.897503	793.4225	0.15028642	0.9430023
60.0	-9.882447	783.71344	0.1478398	0.9430023
